Time (Microsecond),Voltage (V)
-50.0,0.0071875000000005
-49.9,-0.0065624999999993
-49.8,-0.0340624999999992
-49.7,-0.0365625000000005
-49.6,-0.0078125
-49.5,0.0096875
-49.4,0.0171875000000004
-49.3,0.0159374999999997
-49.2,0.0184374999999992
-49.1,0.0134375000000002
-49.0,0.0071875000000005
-48.9,-0.0003124999999997
-48.8,0.0159374999999997
-48.7,0.0146875000000009
-48.6,0.0171875000000004
-48.5,0.0059374999999999
-48.4,-0.0003124999999997
-48.3,0.0134375000000002
-48.2,0.0134375000000002
-48.1,0.0034375000000004
-48.0,-0.0028124999999992
-47.9,0.0121874999999996
-47.8,0.0209375000000005
-47.7,0.0184374999999992
-47.6,0.0071875000000005
-47.5,-0.0015625000000003
-47.4,0.0071875000000005
-47.3,0.0096875
-47.2,0.0184374999999992
-47.1,0.0084374999999994
-47.0,-0.0003124999999997
-46.9,0.0134375000000002
-46.8,0.0159374999999997
-46.7,0.0134375000000002
-46.6,0.0109375000000007
-46.5,0.0171875000000004
-46.4,0.0284375000000008
-46.3,0.0296874999999996
-46.2,0.0159374999999997
-46.1,0.0071875000000005
-46.0,0.0034375000000004
-45.9,-0.0153125000000003
-45.8,-0.0478124999999991
-45.7,-0.0453124999999996
-45.6,0.0184374999999992
-45.5,0.0571874999999995
-45.4,0.0446875000000002
-45.3,0.0396874999999994
-45.2,0.0509374999999999
-45.1,0.0421875000000007
-45.0,-0.0065624999999993
-44.9,-0.0165624999999991
-44.8,-0.0128125000000008
-44.7,-0.0053125000000005
-44.6,0.0046874999999992
-44.5,0.0209375000000005
-44.4,0.0134375000000002
-44.3,0.0109375000000007
-44.2,0.0146875000000009
-44.1,0.0084374999999994
-44.0,0.0084374999999994
-43.9,0.0096875
-43.8,0.0159374999999997
-43.7,0.0184374999999992
-43.6,0.0171875000000004
-43.5,0.0184374999999992
-43.4,0.0196874999999999
-43.3,0.0146875000000009
-43.2,0.0146875000000009
-43.1,0.0159374999999997
-43.0,0.0184374999999992
-42.9,0.0171875000000004
-42.8,0.0146875000000009
-42.7,0.0034375000000004
-42.6,0.0021874999999997
-42.5,-0.0040624999999998
-42.4,-0.0178124999999998
-42.3,0.0046874999999992
-42.2,0.0546875
-42.1,0.0459375000000009
-42.0,0.0121874999999996
-41.9,0.0146875000000009
-41.8,0.0159374999999997
-41.7,-0.0065624999999993
-41.6,-0.0253125000000001
-41.5,-0.0028124999999992
-41.4,0.0309375000000003
-41.3,0.0346875000000004
-41.2,0.0246875000000006
-41.1,0.0259374999999995
-41.0,0.0246875000000006
-40.9,0.0134375000000002
-40.8,-0.0003124999999997
-40.7,0.0046874999999992
-40.6,0.0046874999999992
-40.5,0.0084374999999994
-40.4,0.0084374999999994
-40.3,0.0096875
-40.2,0.0046874999999992
-40.1,0.0084374999999994
-40.0,0.0084374999999994
-39.9,0.0134375000000002
-39.8,0.0159374999999997
-39.7,0.0121874999999996
-39.6,0.0134375000000002
-39.5,0.0096875
-39.4,0.0034375000000004
-39.3,-0.0053125000000005
-39.2,-0.0065624999999993
-39.1,-0.0003124999999997
-39.0,0.0009374999999991
-38.9,-0.0003124999999997
-38.8,0.0084374999999994
-38.7,0.0009374999999991
-38.6,0.0021874999999997
-38.5,-0.0015625000000003
-38.4,0.0046874999999992
-38.3,0.0059374999999999
-38.2,0.0134375000000002
-38.1,0.0434374999999996
-38.0,0.0746874999999996
-37.9,-0.0353124999999999
-37.8,-0.1603125
-37.7,-0.0628124999999997
-37.6,0.0371874999999999
-37.5,0.0009374999999991
-37.4,-0.0040624999999998
-37.3,0.0571874999999995
-37.2,0.1134375
-37.1,0.0309375000000003
-37.0,-0.0240624999999994
-36.9,-0.0190625000000004
-36.8,-0.0253125000000001
-36.7,-0.0465625000000003
-36.6,-0.0228125000000006
-36.5,-0.0078125
-36.4,0.0021874999999997
-36.3,0.0071875000000005
-36.2,0.0021874999999997
-36.1,-0.0128125000000008
-36.0,-0.0078125
-35.9,0.0021874999999997
-35.8,0.0034375000000004
-35.7,-0.0090625000000006
-35.6,-0.0003124999999997
-35.5,-0.0028124999999992
-35.4,-0.0078125
-35.3,-0.0103124999999995
-35.2,-0.0053125000000005
-35.1,0.0009374999999991
-35.0,0.0021874999999997
-34.9,-0.0028124999999992
-34.8,0.0009374999999991
-34.7,-0.0028124999999992
-34.6,-0.0015625000000003
-34.5,-0.0203124999999993
-34.4,-0.0240624999999994
-34.3,-0.0253125000000001
-34.2,-0.0265625000000007
-34.1,0.0196874999999999
-34.0,0.0334374999999998
-33.9,-0.0003124999999997
-33.8,-0.0178124999999998
-33.7,-0.0128125000000008
-33.6,-0.0153125000000003
-33.5,-0.0390625
-33.4,-0.0428125000000001
-33.3,-0.0178124999999998
-33.2,0.0046874999999992
-33.1,0.0034375000000004
-33.0,0.0059374999999999
-32.9,0.0021874999999997
-32.8,-0.0053125000000005
-32.7,-0.0115625000000001
-32.6,-0.0203124999999993
-32.5,-0.0140624999999996
-32.4,-0.0065624999999993
-32.3,-0.0090625000000006
-32.2,-0.0153125000000003
-32.1,-0.0203124999999993
-32.0,-0.0178124999999998
-31.9,-0.0115625000000001
-31.8,-0.0028124999999992
-31.7,-0.0040624999999998
-31.6,-0.0115625000000001
-31.5,-0.0203124999999993
-31.4,-0.0140624999999996
-31.3,0.0021874999999997
-31.2,-0.0053125000000005
-31.1,-0.0103124999999995
-31.0,0.0146875000000009
-30.9,0.0371874999999999
-30.8,0.0046874999999992
-30.7,-0.0478124999999991
-30.6,-0.0528124999999999
-30.5,-0.0440625000000008
-30.4,-0.0528124999999999
-30.3,-0.0478124999999991
-30.2,-0.0115625000000001
-30.1,0.0184374999999992
-30.0,0.0146875000000009
-29.9,0.0109375000000007
-29.8,0.0034375000000004
-29.7,-0.0053125000000005
-29.6,-0.0253125000000001
-29.5,-0.0203124999999993
-29.4,-0.0178124999999998
-29.3,-0.0103124999999995
-29.2,-0.0053125000000005
-29.1,-0.0065624999999993
-29.0,-0.0090625000000006
-28.9,-0.0053125000000005
-28.8,-0.0078125
-28.7,-0.0065624999999993
-28.6,-0.0065624999999993
-28.5,-0.0103124999999995
-28.4,-0.0128125000000008
-28.3,-0.0103124999999995
-28.2,-0.0153125000000003
-28.1,-0.0140624999999996
-28.0,0.0021874999999997
-27.9,-0.0078125
-27.8,0.0084374999999994
-27.7,-0.0115625000000001
-27.6,0.0021874999999997
-27.5,0.0021874999999997
-27.4,0.0009374999999991
-27.3,-0.0053125000000005
-27.2,-0.0103124999999995
-27.1,-0.0040624999999998
-27.0,-0.0028124999999992
-26.9,-0.0053125000000005
-26.8,-0.0065624999999993
-26.7,-0.0078125
-26.6,-0.0115625000000001
-26.5,-0.0090625000000006
-26.4,-0.0115625000000001
-26.3,-0.0115625000000001
-26.2,-0.0140624999999996
-26.1,-0.0340624999999992
-26.0,-0.0128125000000008
-25.9,0.0334374999999998
-25.8,0.0371874999999999
-25.7,-0.0015625000000003
-25.6,-0.0053125000000005
-25.5,0.0084374999999994
-25.4,-0.0140624999999996
-25.3,-0.0403125000000006
-25.2,-0.0315624999999997
-25.1,-0.0015625000000003
-25.0,0.0071875000000005
-24.9,0.0096875
-24.8,0.0109375000000007
-24.7,0.0059374999999999
-24.6,-0.0028124999999992
-24.5,-0.0103124999999995
-24.4,-0.0015625000000003
-24.3,-0.0028124999999992
-24.2,0.0046874999999992
-24.1,0.0034375000000004
-24.0,-0.0028124999999992
-23.9,-0.0115625000000001
-23.8,-0.0090625000000006
-23.7,-0.0040624999999998
-23.6,0.0021874999999997
-23.5,-0.0003124999999997
-23.4,-0.0290625000000002
-23.3,-0.0540625000000006
-23.2,0.0096875
-23.1,0.115937499999999
-23.0,0.100937500000001
-22.9,-0.0090625000000006
-22.8,-0.0178124999999998
-22.7,0.0159374999999997
-22.6,-0.0303125000000009
-22.5,-0.1015625
-22.4,-0.0715625000000006
-22.3,0.0059374999999999
-22.2,0.0296874999999996
-22.1,0.0359374999999993
-22.0,0.0534374999999994
-21.9,0.0384375000000006
-21.8,0.0084374999999994
-21.7,0.0021874999999997
-21.6,0.0009374999999991
-21.5,-0.0003124999999997
-21.4,0.0096875
-21.3,0.0259374999999995
-21.2,0.0121874999999996
-21.1,0.0184374999999992
-21.0,0.0209375000000005
-20.9,0.0109375000000007
-20.8,0.0046874999999992
-20.7,0.0084374999999994
-20.6,0.0121874999999996
-20.5,0.0109375000000007
-20.4,0.0084374999999994
-20.3,0.0159374999999997
-20.2,0.0146875000000009
-20.1,0.0059374999999999
-20.0,0.0046874999999992
-19.9,0.0046874999999992
-19.8,0.0096875
-19.7,0.0159374999999997
-19.6,0.0171875000000004
-19.5,0.0121874999999996
-19.4,0.0084374999999994
-19.3,0.0171875000000004
-19.2,0.0134375000000002
-19.1,0.0096875
-19.0,0.0134375000000002
-18.9,0.0084374999999994
-18.8,0.0009374999999991
-18.7,0.0034375000000004
-18.6,0.0071875000000005
-18.5,0.0109375000000007
-18.4,0.0121874999999996
-18.3,0.0046874999999992
-18.2,-0.0003124999999997
-18.1,-0.0003124999999997
-18.0,-0.0178124999999998
-17.9,-0.0128125000000008
-17.8,0.0409375000000001
-17.7,0.0659375000000004
-17.6,0.0321874999999991
-17.5,0.0009374999999991
-17.4,0.0071875000000005
-17.3,-0.0040624999999998
-17.2,-0.0265625000000007
-17.1,-0.0328125000000004
-17.0,0.0034375000000004
-16.9,0.0346875000000004
-16.8,0.0384375000000006
-16.7,0.0284375000000008
-16.6,0.0159374999999997
-16.5,-0.0078125
-16.4,-0.0403125000000006
-16.3,-0.0728124999999995
-16.2,-0.0540625000000006
-16.1,0.0184374999999992
-16.0,0.0596875000000008
-15.9,0.0496874999999992
-15.8,0.0521875000000005
-15.7,0.0446875000000002
-15.6,0.0234375
-15.5,-0.0215624999999999
-15.4,-0.0315624999999997
-15.3,-0.0190625000000004
-15.2,-0.0153125000000003
-15.1,-0.0028124999999992
-15.0,0.0009374999999991
-14.9,0.0134375000000002
-14.8,0.0046874999999992
-14.7,0.0109375000000007
-14.6,-0.0065624999999993
-14.5,-0.0165624999999991
-14.4,-0.0115625000000001
-14.3,-0.0053125000000005
-14.2,0.0009374999999991
-14.1,0.0121874999999996
-14.0,0.0034375000000004
-13.9,0.0046874999999992
-13.8,0.0021874999999997
-13.7,0.0009374999999991
-13.6,0.0021874999999997
-13.5,-0.0053125000000005
-13.4,0.0009374999999991
-13.3,0.0071875000000005
-13.2,-0.0065624999999993
-13.1,-0.0028124999999992
-13.0,-0.0028124999999992
-12.9,-0.0065624999999993
-12.8,0.0009374999999991
-12.7,-0.0065624999999993
-12.6,-0.0128125000000008
-12.5,-0.0115625000000001
-12.4,-0.0090625000000006
-12.3,-0.0128125000000008
-12.2,-0.0115625000000001
-12.1,-0.0065624999999993
-12.0,-0.0040624999999998
-11.9,-0.0040624999999998
-11.8,-0.0040624999999998
-11.7,-0.0028124999999992
-11.6,-0.0115625000000001
-11.5,-0.0040624999999998
-11.4,-0.0015625000000003
-11.3,-0.0090625000000006
-11.2,-0.0128125000000008
-11.1,-0.0165624999999991
-11.0,-0.0178124999999998
-10.9,-0.0165624999999991
-10.8,-0.0128125000000008
-10.7,-0.0190625000000004
-10.6,-0.0140624999999996
-10.5,-0.0153125000000003
-10.4,-0.0165624999999991
-10.3,-0.0178124999999998
-10.2,-0.0153125000000003
-10.1,-0.0178124999999998
-10.0,-0.0190625000000004
-9.9,-0.0190625000000004
-9.8,-0.0303125000000009
-9.7,-0.0040624999999998
-9.6,0.0384375000000006
-9.5,0.0371874999999999
-9.4,-0.0028124999999992
-9.3,-0.0153125000000003
-9.2,-0.0215624999999999
-9.1,-0.0378124999999994
-9.0,-0.0490624999999998
-8.9,-0.0415624999999995
-8.8,-0.0203124999999993
-8.7,0.0059374999999999
-8.6,0.0521875000000005
-8.5,0.0509374999999999
-8.4,-0.1053125
-8.3,-0.1753125
-8.2,-0.0428125000000001
-8.1,0.0184374999999992
-8.0,-0.0265625000000007
-7.9,-0.0015625000000003
-7.8,0.0859375
-7.7,0.112187499999999
-7.6,0.0046874999999992
-7.5,-0.0303125000000009
-7.4,-0.0165624999999991
-7.3,-0.0290625000000002
-7.2,-0.0340624999999992
-7.1,-0.0165624999999991
-7.0,0.0009374999999991
-6.9,0.0109375000000007
-6.8,0.0109375000000007
-6.7,-0.0090625000000006
-6.6,-0.0278124999999996
-6.5,-0.0228125000000006
-6.4,-0.0140624999999996
-6.3,-0.0153125000000003
-6.2,-0.0240624999999994
-6.1,-0.0103124999999995
-6.0,-0.0090625000000006
-5.9,-0.0178124999999998
-5.8,-0.0153125000000003
-5.7,-0.0090625000000006
-5.6,-0.0265625000000007
-5.5,-0.0490624999999998
-5.4,-0.0465625000000003
-5.3,-0.0753125000000008
-5.2,-0.0878125000000001
-5.1,-0.1053125
-5.0,-0.1115625
-4.9,-0.1290625
-4.8,-0.1390625
-4.7,-0.1603125
-4.6,-0.1715625
-4.5,-0.1565625
-4.4,-0.1428125
-4.3,-0.1228125
-4.2,-0.0978124999999999
-4.1,-0.0590624999999996
-4.0,-0.0140624999999996
-3.9,0.0146875000000009
-3.8,0.0446875000000002
-3.7,0.0796875000000004
-3.6,0.1134375
-3.5,0.135937500000001
-3.4,0.1621875
-3.3,0.192187499999999
-3.2,0.2084375
-3.1,0.227187499999999
-3.0,0.2246875
-2.9,0.2171875
-2.8,0.1996875
-2.7,0.1971875
-2.6,0.1934375
-2.5,0.1896875
-2.4,0.1909375
-2.3,0.188437499999999
-2.2,0.174687499999999
-2.1,0.1521875
-2.0,0.1196875
-1.9,0.1271875
-1.8,0.153437500000001
-1.7,0.1421875
-1.6,0.1509375
-1.5,0.225937500000001
-1.4,0.2734375
-1.3,0.2146875
-1.2,0.1421875
-1.1,0.149687500000001
-1.0,0.163437500000001
-0.9,0.1459375
-0.8,0.143437499999999
-0.7,0.205937499999999
-0.6,0.2496875
-0.5,0.240937499999999
-0.4,0.223437499999999
-0.3,0.202187500000001
-0.2,0.1659375
-0.1,0.1309375
0.0,0.1134375
0.1,0.1096875
0.2,0.104687500000001
0.3,0.1134375
0.4,0.104687500000001
0.5,0.102187499999999
0.6,0.0996874999999999
0.7,0.1096875
0.8,0.102187499999999
0.9,0.1059375
1.0,0.0909375000000008
1.1,0.0846874999999994
1.2,0.0709374999999994
1.3,0.0571874999999995
1.4,0.0396874999999994
1.5,0.0159374999999997
1.6,-0.0065624999999993
1.7,-0.0240624999999994
1.8,-0.0540625000000006
1.9,-0.0828124999999993
2.0,-0.1153125
2.1,-0.147812500000001
2.2,-0.1753125
2.3,-0.2065625
2.4,-0.227812500000001
2.5,-0.2478125
2.6,-0.2715625
2.7,-0.2815625
2.8,-0.2965625
2.9,-0.3090625
3.0,-0.3065625
3.1,-0.297812499999999
3.2,-0.287812499999999
3.3,-0.284062499999999
3.4,-0.249062500000001
3.5,-0.231562500000001
3.6,-0.1878125
3.7,-0.169062500000001
3.8,-0.1440625
3.9,-0.116562500000001
4.0,-0.0990625000000005
4.1,-0.0903124999999996
4.2,-0.0878125000000001
4.3,-0.0803124999999998
4.4,-0.0828124999999993
4.5,-0.0953125000000004
4.6,-0.1040625
4.7,-0.1215625
4.8,-0.134062500000001
4.9,-0.1503125
5.0,-0.1640625
5.1,-0.1703125
5.2,-0.172812499999999
5.3,-0.1840625
5.4,-0.182812500000001
5.5,-0.180312499999999
5.6,-0.1740625
5.7,-0.1603125
5.8,-0.1428125
5.9,-0.1303125
6.0,-0.1253125
6.1,-0.1440625
6.2,-0.141562499999999
6.3,-0.0290625000000002
6.4,0.0834375000000005
6.5,0.0171875000000004
6.6,-0.0278124999999996
6.7,0.0421875000000007
6.8,0.0496874999999992
6.9,-0.0378124999999994
7.0,-0.0640625000000004
7.1,0.0146875000000009
7.2,0.0671874999999993
7.3,0.0709374999999994
7.4,0.1071875
7.5,0.164687499999999
7.6,0.1721875
7.7,0.1796875
7.8,0.1796875
7.9,0.1971875
8.0,0.1909375
8.1,0.2221875
8.2,0.2484375
8.3,0.254687499999999
8.4,0.2871875
8.5,0.3009375
8.6,0.303437499999999
8.7,0.2984375
8.8,0.3084375
8.9,0.3146875
9.0,0.3009375
9.1,0.303437499999999
9.2,0.292187500000001
9.3,0.2709375
9.4,0.2421875
9.5,0.205937499999999
9.6,0.174687499999999
9.7,0.1459375
9.8,0.1134375
9.9,0.0884374999999995
10.0,0.0659375000000004
10.1,0.0321874999999991
10.2,0.0371874999999999
10.3,0.0384375000000006
10.4,0.0321874999999991
10.5,0.0434374999999996
10.6,0.0421875000000007
10.7,0.0546875
10.8,0.0709374999999994
10.9,0.0946874999999991
11.0,0.0946874999999991
11.1,0.115937499999999
11.2,0.1234375
11.3,0.1271875
11.4,0.1271875
11.5,0.115937499999999
11.6,0.100937500000001
11.7,0.0771875000000009
11.8,0.0596875000000008
11.9,0.0296874999999996
12.0,0.0009374999999991
12.1,-0.0178124999999998
12.2,-0.0315624999999997
12.3,-0.0578125000000007
12.4,-0.0790624999999991
12.5,-0.0903124999999996
12.6,-0.0828124999999993
12.7,-0.0753125000000008
12.8,-0.0890625000000007
12.9,-0.0928125000000009
13.0,-0.0928125000000009
13.1,-0.114062499999999
13.2,-0.145312499999999
13.3,-0.116562500000001
13.4,-0.0553124999999994
13.5,-0.0328125000000004
13.6,-0.0390625
13.7,-0.0340624999999992
13.8,-0.0353124999999999
13.9,-0.0853125000000006
14.0,-0.134062500000001
14.1,-0.159062499999999
14.2,-0.1753125
14.3,-0.1953125
14.4,-0.1978125
14.5,-0.1990625
14.6,-0.2190625
14.7,-0.211562499999999
14.8,-0.169062500000001
14.9,-0.1615625
15.0,-0.1978125
15.1,-0.2028125
15.2,-0.1815625
15.3,-0.1740625
15.4,-0.179062500000001
15.5,-0.169062500000001
15.6,-0.1403125
15.7,-0.124062500000001
15.8,-0.117812499999999
15.9,-0.114062499999999
16.0,-0.1215625
16.1,-0.1353125
16.2,-0.151562500000001
16.3,-0.1528125
16.4,-0.147812500000001
16.5,-0.1390625
16.6,-0.1440625
16.7,-0.147812500000001
16.8,-0.1578125
16.9,-0.165312500000001
17.0,-0.1678125
17.1,-0.1678125
17.2,-0.1615625
17.3,-0.1715625
17.4,-0.169062500000001
17.5,-0.1840625
17.6,-0.1915625
17.7,-0.2128125
17.8,-0.211562499999999
17.9,-0.2028125
18.0,-0.196562500000001
18.1,-0.196562500000001
18.2,-0.1840625
18.3,-0.1603125
18.4,-0.1565625
18.5,-0.1440625
18.6,-0.134062500000001
18.7,-0.1265625
18.8,-0.120312500000001
18.9,-0.117812499999999
19.0,-0.1078125
19.1,-0.100312499999999
19.2,-0.0928125000000009
19.3,-0.0890625000000007
19.4,-0.0715625000000006
19.5,-0.0490624999999998
19.6,-0.0428125000000001
19.7,-0.0315624999999997
19.8,-0.0165624999999991
19.9,0.0009374999999991
20.0,0.0146875000000009
20.1,0.0309375000000003
20.2,0.0471874999999997
20.3,0.0571874999999995
20.4,0.0709374999999994
20.5,0.0846874999999994
20.6,0.0959374999999998
20.7,0.1171875
20.8,0.1621875
20.9,0.2084375
21.0,0.1109375
21.1,-0.0178124999999998
21.2,0.0571874999999995
21.3,0.147187499999999
21.4,0.1209375
21.5,0.0859375
21.6,0.1521875
21.7,0.209687499999999
21.8,0.1371875
21.9,0.0584375000000001
22.0,0.0571874999999995
22.1,0.0496874999999992
22.2,0.0221874999999994
22.3,0.0334374999999998
22.4,0.0359374999999993
22.5,0.0359374999999993
22.6,0.0359374999999993
22.7,0.0109375000000007
22.8,-0.0215624999999999
22.9,0.0121874999999996
23.0,0.0571874999999995
23.1,0.0346875000000004
23.2,-0.0153125000000003
23.3,-0.0140624999999996
23.4,-0.0090625000000006
23.5,-0.0265625000000007
23.6,-0.0453124999999996
23.7,-0.0203124999999993
23.8,0.0034375000000004
23.9,0.0059374999999999
24.0,0.0084374999999994
24.1,0.0171875000000004
24.2,0.0109375000000007
24.3,-0.0028124999999992
24.4,-0.0065624999999993
24.5,-0.0053125000000005
24.6,-0.0053125000000005
24.7,-0.0053125000000005
24.8,-0.0115625000000001
24.9,-0.0290625000000002
25.0,-0.0528124999999999
25.1,-0.0603125000000002
25.2,-0.0553124999999994
25.3,-0.0478124999999991
25.4,-0.0440625000000008
25.5,-0.0365625000000005
25.6,-0.0440625000000008
25.7,-0.0428125000000001
25.8,-0.0490624999999998
25.9,-0.0640625000000004
26.0,-0.0528124999999999
26.1,-0.0440625000000008
26.2,-0.0278124999999996
26.3,-0.0228125000000006
26.4,-0.0240624999999994
26.5,-0.0153125000000003
26.6,-0.0203124999999993
26.7,-0.0153125000000003
26.8,-0.0053125000000005
26.9,-0.0040624999999998
27.0,-0.0078125
27.1,-0.0153125000000003
27.2,-0.0228125000000006
27.3,-0.0390625
27.4,-0.0578125000000007
27.5,-0.0840624999999999
27.6,-0.0853125000000006
27.7,-0.0828124999999993
27.8,-0.0965624999999992
27.9,-0.0990625000000005
28.0,-0.0715625000000006
28.1,-0.0515624999999993
28.2,-0.0903124999999996
28.3,-0.1353125
28.4,-0.1303125
28.5,-0.116562500000001
28.6,-0.1253125
28.7,-0.1153125
28.8,-0.0803124999999998
28.9,-0.0565625000000001
29.0,-0.0640625000000004
29.1,-0.0815625000000004
29.2,-0.0815625000000004
29.3,-0.1040625
29.4,-0.110312499999999
29.5,-0.1228125
29.6,-0.1265625
29.7,-0.116562500000001
29.8,-0.1040625
29.9,-0.1115625
30.0,-0.106562500000001
30.1,-0.106562500000001
30.2,-0.100312499999999
30.3,-0.0953125000000004
30.4,-0.0890625000000007
30.5,-0.0765624999999996
30.6,-0.0728124999999995
30.7,-0.0590624999999996
30.8,-0.0590624999999996
30.9,-0.0653124999999992
31.0,-0.0453124999999996
31.1,0.0071875000000005
31.2,0.0184374999999992
31.3,-0.0140624999999996
31.4,-0.0390625
31.5,-0.0353124999999999
31.6,-0.0453124999999996
31.7,-0.0753125000000008
31.8,-0.0778125000000003
31.9,-0.0465625000000003
32.0,-0.0415624999999995
32.1,-0.0428125000000001
32.2,-0.0340624999999992
32.3,-0.0428125000000001
32.4,-0.0603125000000002
32.5,-0.0465625000000003
32.6,-0.0315624999999997
32.7,-0.0190625000000004
32.8,0.0009374999999991
32.9,0.0159374999999997
33.0,0.0384375000000006
33.1,0.0409375000000001
33.2,0.0446875000000002
33.3,0.0584375000000001
33.4,0.0784374999999997
33.5,0.0884374999999995
33.6,0.0946874999999991
33.7,0.0984374999999993
33.8,0.1059375
33.9,0.0859375
34.0,0.0809374999999992
34.1,0.0859375
34.2,0.0871875000000006
34.3,0.0896875000000001
34.4,0.0871875000000006
34.5,0.0921874999999996
34.6,0.0871875000000006
34.7,0.0921874999999996
34.8,0.0846874999999994
34.9,0.108437500000001
35.0,0.1134375
35.1,0.1059375
35.2,0.118437500000001
35.3,0.1096875
35.4,0.118437500000001
35.5,0.1171875
35.6,0.0846874999999994
35.7,0.0696875000000006
35.8,0.160937499999999
35.9,0.268437499999999
36.0,0.194687500000001
36.1,0.1096875
36.2,0.1246875
36.3,0.1346875
36.4,0.0659375000000004
36.5,0.0109375000000007
36.6,0.0621875000000003
36.7,0.1096875
36.8,0.100937500000001
36.9,0.0971875000000004
37.0,0.0984374999999993
37.1,0.0846874999999994
37.2,0.0621875000000003
37.3,0.0521875000000005
37.4,0.0434374999999996
37.5,0.0546875
37.6,0.0596875000000008
37.7,0.0596875000000008
37.8,0.0371874999999999
37.9,0.0371874999999999
38.0,0.0396874999999994
38.1,0.0221874999999994
38.2,0.0121874999999996
38.3,0.0059374999999999
38.4,0.0021874999999997
38.5,-0.0140624999999996
38.6,-0.0228125000000006
38.7,-0.0478124999999991
38.8,-0.0303125000000009
38.9,-0.0540625000000006
39.0,-0.0603125000000002
39.1,-0.0765624999999996
39.2,-0.0240624999999994
39.3,0.0096875
39.4,-0.0353124999999999
39.5,-0.0490624999999998
39.6,-0.0678125000000005
39.7,-0.0640625000000004
39.8,-0.0840624999999999
39.9,-0.0865624999999994
40.0,-0.0553124999999994
40.1,-0.0215624999999999
40.2,-0.0190625000000004
40.3,-0.0140624999999996
40.4,-0.0128125000000008
40.5,-0.0165624999999991
40.6,-0.0140624999999996
40.7,-0.0065624999999993
40.8,-0.0040624999999998
40.9,-0.0053125000000005
41.0,0.0009374999999991
41.1,0.0034375000000004
41.2,0.0071875000000005
41.3,0.0096875
41.4,0.0034375000000004
41.5,0.0121874999999996
41.6,0.0246875000000006
41.7,0.0284375000000008
41.8,0.0221874999999994
41.9,0.0209375000000005
42.0,0.0334374999999998
42.1,0.0396874999999994
42.2,0.0359374999999993
42.3,0.0346875000000004
42.4,0.0321874999999991
42.5,0.0321874999999991
42.6,-0.0040624999999998
42.7,-0.0265625000000007
42.8,0.0121874999999996
42.9,0.0784374999999997
43.0,0.0871875000000006
43.1,0.0884374999999995
43.2,0.100937500000001
43.3,0.1071875
43.4,0.0696875000000006
43.5,0.0234375
43.6,0.0196874999999999
43.7,0.0334374999999998
43.8,0.0471874999999997
43.9,0.0621875000000003
44.0,0.0721875000000001
44.1,0.0784374999999997
44.2,0.0759375000000002
44.3,0.0809374999999992
44.4,0.0709374999999994
44.5,0.0696875000000006
44.6,0.0721875000000001
44.7,0.0796875000000004
44.8,0.0771875000000009
44.9,0.0759375000000002
45.0,0.0784374999999997
45.1,0.0746874999999996
45.2,0.0784374999999997
45.3,0.0684374999999999
45.4,0.0809374999999992
45.5,0.0809374999999992
45.6,0.0721875000000001
45.7,0.0684374999999999
45.8,0.0659375000000004
45.9,0.0571874999999995
46.0,0.0471874999999997
46.1,0.0471874999999997
46.2,0.0484375000000004
46.3,0.0534374999999994
46.4,0.0509374999999999
46.5,0.0534374999999994
46.6,0.0584375000000001
46.7,0.0484375000000004
46.8,0.0459375000000009
46.9,0.0509374999999999
47.0,0.0571874999999995
47.1,0.0384375000000006
47.2,0.0284375000000008
47.3,0.0396874999999994
47.4,0.0859375
47.5,0.0921874999999996
47.6,0.0546875
47.7,0.0359374999999993
47.8,0.0359374999999993
47.9,0.0234375
48.0,-0.0065624999999993
48.1,0.0034375000000004
48.2,0.0321874999999991
48.3,0.0471874999999997
48.4,0.0384375000000006
48.5,0.0421875000000007
48.6,0.0359374999999993
48.7,0.0209375000000005
48.8,0.0196874999999999
48.9,0.0109375000000007
49.0,0.0084374999999994
49.1,0.0084374999999994
49.2,0.0146875000000009
49.3,0.0034375000000004
49.4,-0.0065624999999993
49.5,-0.0015625000000003
49.6,0.0034375000000004
49.7,0.0096875
49.8,0.0059374999999999
49.9,0.0084374999999994
50.0,0.0084374999999994
50.1,-0.0015625000000003
50.2,-0.0065624999999993
50.3,0.0021874999999997
50.4,0.0446875000000002
50.5,0.0046874999999992
50.6,-0.1540625
50.7,-0.1528125
50.8,-0.0290625000000002
50.9,-0.0153125000000003
51.0,-0.0478124999999991
51.1,-0.0015625000000003
51.2,0.0884374999999995
51.3,0.0671874999999993
51.4,-0.0203124999999993
51.5,-0.0340624999999992
51.6,-0.0303125000000009
51.7,-0.0403125000000006
51.8,-0.0278124999999996
51.9,0.0034375000000004
52.0,0.0196874999999999
52.1,0.0284375000000008
52.2,0.0346875000000004
52.3,0.0221874999999994
52.4,0.0209375000000005
52.5,0.0196874999999999
52.6,0.0209375000000005
52.7,0.0196874999999999
52.8,0.0159374999999997
52.9,0.0309375000000003
53.0,0.0221874999999994
53.1,0.0084374999999994
53.2,0.0096875
53.3,0.0084374999999994
53.4,0.0171875000000004
53.5,0.0109375000000007
53.6,0.0146875000000009
53.7,0.0171875000000004
53.8,0.0221874999999994
53.9,0.0171875000000004
54.0,0.0209375000000005
54.1,0.0209375000000005
54.2,0.0271875000000001
54.3,0.0246875000000006
54.4,0.0221874999999994
54.5,0.0246875000000006
54.6,0.0171875000000004
54.7,0.0196874999999999
54.8,0.0209375000000005
54.9,0.0209375000000005
55.0,0.0084374999999994
55.1,0.0046874999999992
55.2,-0.0090625000000006
55.3,-0.0315624999999997
55.4,-0.0340624999999992
55.5,-0.0053125000000005
55.6,0.0184374999999992
55.7,-0.0090625000000006
55.8,-0.0453124999999996
55.9,-0.0478124999999991
56.0,-0.0440625000000008
56.1,-0.0665624999999999
56.2,-0.0803124999999998
56.3,-0.0490624999999998
56.4,-0.0240624999999994
56.5,-0.0128125000000008
56.6,-0.0078125
56.7,-0.0078125
56.8,-0.0153125000000003
56.9,-0.0290625000000002
57.0,-0.0365625000000005
57.1,-0.0290625000000002
57.2,-0.0115625000000001
57.3,-0.0078125
57.4,0.0084374999999994
57.5,0.0309375000000003
57.6,0.0196874999999999
57.7,-0.0403125000000006
57.8,-0.0753125000000008
57.9,-0.0815625000000004
58.0,-0.0728124999999995
58.1,-0.0878125000000001
58.2,-0.0753125000000008
58.3,-0.0365625000000005
58.4,-0.0215624999999999
58.5,-0.0328125000000004
58.6,-0.0340624999999992
58.7,-0.0303125000000009
58.8,-0.0390625
58.9,-0.0465625000000003
59.0,-0.0253125000000001
59.1,-0.0240624999999994
59.2,-0.0103124999999995
59.3,-0.0028124999999992
59.4,0.0059374999999999
59.5,0.0034375000000004
59.6,0.0109375000000007
59.7,0.0134375000000002
59.8,0.0146875000000009
59.9,0.0121874999999996
60.0,0.0221874999999994
60.1,0.0284375000000008
60.2,0.0209375000000005
60.3,0.0234375
60.4,0.0234375
60.5,0.0271875000000001
60.6,0.0346875000000004
60.7,0.0359374999999993
60.8,0.0334374999999998
60.9,0.0296874999999996
61.0,0.0234375
61.1,0.0271875000000001
61.2,0.0221874999999994
61.3,0.0159374999999997
61.4,0.0096875
61.5,0.0109375000000007
61.6,0.0096875
61.7,0.0059374999999999
61.8,0.0034375000000004
61.9,0.0046874999999992
62.0,0.0009374999999991
62.1,-0.0065624999999993
62.2,-0.0140624999999996
62.3,-0.0190625000000004
62.4,-0.0178124999999998
62.5,-0.0228125000000006
62.6,-0.0190625000000004
62.7,-0.0315624999999997
62.8,-0.0278124999999996
62.9,-0.0303125000000009
63.0,-0.0340624999999992
63.1,-0.0378124999999994
63.2,-0.0415624999999995
63.3,-0.0415624999999995
63.4,-0.0490624999999998
63.5,-0.0653124999999992
63.6,-0.0490624999999998
63.7,0.0096875
63.8,0.0184374999999992
63.9,-0.0190625000000004
64.0,-0.0403125000000006
64.1,-0.0228125000000006
64.2,-0.0228125000000006
64.3,-0.0465625000000003
64.4,-0.0365625000000005
64.5,-0.0053125000000005
64.6,0.0146875000000009
64.7,0.0184374999999992
64.8,0.0171875000000004
64.9,0.0096875
65.0,-0.0178124999999998
65.1,-0.0553124999999994
65.2,-0.0103124999999995
65.3,0.122187500000001
65.4,0.122187500000001
65.5,0.0171875000000004
65.6,-0.0040624999999998
65.7,0.0084374999999994
65.8,-0.0328125000000004
65.9,-0.0928125000000009
66.0,-0.0678125000000005
66.1,0.0109375000000007
66.2,0.0334374999999998
66.3,0.0321874999999991
66.4,0.0346875000000004
66.5,0.0296874999999996
66.6,0.0034375000000004
66.7,-0.0190625000000004
66.8,-0.0228125000000006
66.9,-0.0103124999999995
67.0,-0.0040624999999998
67.1,0.0034375000000004
67.2,-0.0065624999999993
67.3,-0.0103124999999995
67.4,0.0034375000000004
67.5,-0.0015625000000003
67.6,-0.0078125
67.7,0.0059374999999999
67.8,0.0171875000000004
67.9,0.0071875000000005
68.0,-0.0003124999999997
68.1,0.0084374999999994
68.2,0.0034375000000004
68.3,-0.0040624999999998
68.4,-0.0053125000000005
68.5,-0.0015625000000003
68.6,-0.0015625000000003
68.7,0.0021874999999997
68.8,-0.0065624999999993
68.9,-0.0103124999999995
69.0,-0.0065624999999993
69.1,-0.0065624999999993
69.2,-0.0040624999999998
69.3,-0.0040624999999998
69.4,-0.0140624999999996
69.5,-0.0165624999999991
69.6,-0.0153125000000003
69.7,-0.0228125000000006
69.8,-0.0303125000000009
69.9,-0.0328125000000004
70.0,-0.0240624999999994
70.1,-0.0153125000000003
70.2,-0.0240624999999994
70.3,-0.0203124999999993
70.4,-0.0178124999999998
70.5,-0.0203124999999993
70.6,-0.0065624999999993
70.7,0.0034375000000004
70.8,0.0121874999999996
70.9,0.0021874999999997
71.0,-0.0003124999999997
71.1,0.0009374999999991
71.2,0.0046874999999992
71.3,-0.0003124999999997
71.4,0.0034375000000004
71.5,0.0134375000000002
71.6,0.0096875
71.7,0.0046874999999992
71.8,0.0396874999999994
71.9,0.0571874999999995
72.0,0.0121874999999996
72.1,-0.0515624999999993
72.2,-0.0828124999999993
72.3,-0.0315624999999997
72.4,-0.0053125000000005
72.5,-0.0165624999999991
72.6,-0.0003124999999997
72.7,0.0321874999999991
72.8,0.0221874999999994
72.9,-0.0303125000000009
73.0,-0.0678125000000005
73.1,-0.0778125000000003
73.2,-0.0765624999999996
73.3,-0.0753125000000008
73.4,-0.0690624999999994
73.5,-0.0490624999999998
73.6,-0.0390625
73.7,-0.0353124999999999
73.8,-0.0515624999999993
73.9,-0.0665624999999999
74.0,-0.0590624999999996
74.1,-0.0378124999999994
74.2,-0.0378124999999994
74.3,-0.0340624999999992
74.4,-0.0265625000000007
74.5,-0.0228125000000006
74.6,-0.0253125000000001
74.7,-0.0315624999999997
74.8,-0.0328125000000004
74.9,-0.0190625000000004
75.0,-0.0090625000000006
75.1,-0.0053125000000005
75.2,-0.0090625000000006
75.3,0.0034375000000004
75.4,0.0059374999999999
75.5,0.0109375000000007
75.6,0.0146875000000009
75.7,0.0234375
75.8,0.0284375000000008
75.9,0.0384375000000006
76.0,0.0409375000000001
76.1,0.0434374999999996
76.2,0.0421875000000007
76.3,0.0459375000000009
76.4,0.0521875000000005
76.5,0.0721875000000001
76.6,0.0671874999999993
76.7,0.0546875
76.8,0.0521875000000005
76.9,0.0646874999999998
77.0,0.0559375000000006
77.1,0.0559375000000006
77.2,0.0596875000000008
77.3,0.0571874999999995
77.4,0.0584375000000001
77.5,0.0534374999999994
77.6,0.0546875
77.7,0.0571874999999995
77.8,0.0609374999999996
77.9,0.0484375000000004
78.0,0.0521875000000005
78.1,0.0446875000000002
78.2,0.0446875000000002
78.3,0.0346875000000004
78.4,0.0296874999999996
78.5,0.0171875000000004
78.6,0.0134375000000002
78.7,0.0209375000000005
78.8,0.0134375000000002
78.9,0.0084374999999994
79.0,0.0046874999999992
79.1,0.0046874999999992
79.2,-0.0040624999999998
79.3,-0.0090625000000006
79.4,-0.0090625000000006
79.5,-0.0040624999999998
79.6,-0.0078125
79.7,-0.0190625000000004
79.8,-0.0015625000000003
79.9,0.0634374999999991
80.0,0.0296874999999996
80.1,-0.110312499999999
80.2,-0.0903124999999996
80.3,-0.0015625000000003
80.4,-0.0140624999999996
80.5,-0.0528124999999999
80.6,-0.0153125000000003
80.7,0.0596875000000008
80.8,0.0346875000000004
80.9,-0.0353124999999999
81.0,-0.0428125000000001
81.1,-0.0415624999999995
81.2,-0.0690624999999994
81.3,-0.0590624999999996
81.4,-0.0440625000000008
81.5,-0.0378124999999994
81.6,-0.0190625000000004
81.7,-0.0215624999999999
81.8,-0.0365625000000005
81.9,-0.0478124999999991
82.0,-0.0503125000000004
82.1,-0.0553124999999994
82.2,-0.0515624999999993
82.3,-0.0353124999999999
82.4,-0.0240624999999994
82.5,-0.0340624999999992
82.6,-0.0453124999999996
82.7,-0.0403125000000006
82.8,-0.0378124999999994
82.9,-0.0578125000000007
83.0,-0.0590624999999996
83.1,-0.0503125000000004
83.2,-0.0478124999999991
83.3,-0.0578125000000007
83.4,-0.0603125000000002
83.5,-0.0528124999999999
83.6,-0.0540625000000006
83.7,-0.0528124999999999
83.8,-0.0540625000000006
83.9,-0.0565625000000001
84.0,-0.0603125000000002
84.1,-0.0515624999999993
84.2,-0.0540625000000006
84.3,-0.0553124999999994
84.4,-0.0515624999999993
84.5,-0.0440625000000008
84.6,-0.0428125000000001
84.7,-0.0440625000000008
84.8,-0.0490624999999998
84.9,-0.0490624999999998
85.0,-0.0490624999999998
85.1,-0.0340624999999992
85.2,-0.0303125000000009
85.3,-0.0315624999999997
85.4,-0.0340624999999992
85.5,-0.0353124999999999
85.6,-0.0365625000000005
85.7,-0.0340624999999992
85.8,-0.0353124999999999
85.9,-0.0253125000000001
86.0,-0.0290625000000002
86.1,-0.0178124999999998
86.2,-0.0215624999999999
86.3,-0.0128125000000008
86.4,-0.0203124999999993
86.5,-0.0240624999999994
86.6,-0.0153125000000003
86.7,-0.0003124999999997
86.8,0.0059374999999999
86.9,0.0309375000000003
87.0,0.0646874999999998
87.1,0.0596875000000008
87.2,0.0084374999999994
87.3,-0.0165624999999991
87.4,-0.0103124999999995
87.5,-0.0065624999999993
87.6,-0.0190625000000004
87.7,0.0071875000000005
87.8,0.0471874999999997
87.9,0.0584375000000001
88.0,0.0546875
88.1,0.0946874999999991
88.2,0.1096875
88.3,0.0696875000000006
88.4,0.0334374999999998
88.5,0.0371874999999999
88.6,0.0459375000000009
88.7,0.0259374999999995
88.8,0.0171875000000004
88.9,0.0446875000000002
89.0,0.0634374999999991
89.1,0.0596875000000008
89.2,0.0634374999999991
89.3,0.0609374999999996
89.4,0.0521875000000005
89.5,0.0459375000000009
89.6,0.0421875000000007
89.7,0.0496874999999992
89.8,0.0559375000000006
89.9,0.0609374999999996
90.0,0.0534374999999994
90.1,0.0446875000000002
90.2,0.0459375000000009
90.3,0.0459375000000009
90.4,0.0546875
90.5,0.0534374999999994
90.6,0.0559375000000006
90.7,0.0584375000000001
90.8,0.0484375000000004
90.9,0.0421875000000007
91.0,0.0346875000000004
91.1,0.0259374999999995
91.2,0.0246875000000006
91.3,0.0271875000000001
91.4,0.0246875000000006
91.5,0.0234375
91.6,0.0184374999999992
91.7,0.0121874999999996
91.8,0.0146875000000009
91.9,0.0159374999999997
92.0,0.0109375000000007
92.1,0.0071875000000005
92.2,0.0071875000000005
92.3,0.0084374999999994
92.4,0.0084374999999994
92.5,0.0109375000000007
92.6,0.0021874999999997
92.7,0.0009374999999991
92.8,-0.0003124999999997
92.9,0.0009374999999991
93.0,0.0034375000000004
93.1,0.0059374999999999
93.2,0.0071875000000005
93.3,0.0046874999999992
93.4,0.0059374999999999
93.5,0.0021874999999997
93.6,0.0009374999999991
93.7,-0.0003124999999997
93.8,-0.0015625000000003
93.9,-0.0115625000000001
94.0,-0.0015625000000003
94.1,-0.0053125000000005
94.2,-0.0103124999999995
94.3,-0.0115625000000001
94.4,-0.0178124999999998
94.5,-0.0465625000000003
94.6,-0.0765624999999996
94.7,0.0096875
94.8,0.115937499999999
94.9,0.0571874999999995
95.0,-0.0253125000000001
95.1,-0.0165624999999991
95.2,-0.0078125
95.3,-0.0628124999999997
95.4,-0.1128125
95.5,-0.0628124999999997
95.6,0.0021874999999997
95.7,0.0059374999999999
95.8,0.0109375000000007
95.9,0.0209375000000005
96.0,-0.0078125
96.1,-0.0415624999999995
96.2,-0.0278124999999996
96.3,0.0171875000000004
96.4,0.0109375000000007
96.5,-0.0165624999999991
96.6,-0.0215624999999999
96.7,-0.0215624999999999
96.8,-0.0403125000000006
96.9,-0.0540625000000006
97.0,-0.0440625000000008
97.1,-0.0190625000000004
97.2,0.0009374999999991
97.3,-0.0128125000000008
97.4,0.0009374999999991
97.5,-0.0165624999999991
97.6,-0.0103124999999995
97.7,-0.0178124999999998
97.8,-0.0265625000000007
97.9,-0.0240624999999994
98.0,-0.0015625000000003
98.1,0.0096875
98.2,-0.0003124999999997
98.3,-0.0190625000000004
98.4,-0.0190625000000004
98.5,-0.0115625000000001
98.6,-0.0053125000000005
98.7,-0.0078125
98.8,-0.0065624999999993
98.9,-0.0115625000000001
99.0,-0.0203124999999993
99.1,-0.0340624999999992
99.2,-0.0390625
99.3,-0.0378124999999994
99.4,-0.0265625000000007
99.5,-0.0203124999999993
99.6,-0.0303125000000009
99.7,-0.0253125000000001
99.8,-0.0140624999999996
99.9,-0.0140624999999996
100.0,-0.0065624999999993
100.1,-0.0065624999999993
100.2,-0.0028124999999992
100.3,0.0034375000000004
100.4,0.0059374999999999
100.5,0.0071875000000005
100.6,0.0171875000000004
100.7,0.0121874999999996
100.8,0.0121874999999996
100.9,0.0196874999999999
101.0,0.0359374999999993
101.1,0.0496874999999992
101.2,0.0496874999999992
101.3,0.0409375000000001
101.4,0.0309375000000003
101.5,0.0184374999999992
101.6,-0.0190625000000004
101.7,-0.0315624999999997
101.8,0.0371874999999999
101.9,0.0671874999999993
102.0,0.0696875000000006
102.1,0.0759375000000002
102.2,0.0959374999999998
102.3,0.0759375000000002
102.4,0.0371874999999999
102.5,0.0046874999999992
102.6,0.0109375000000007
102.7,0.0184374999999992
102.8,0.0109375000000007
102.9,0.0171875000000004
103.0,0.0284375000000008
103.1,0.0321874999999991
103.2,0.0284375000000008
103.3,0.0134375000000002
103.4,0.0071875000000005
103.5,0.0071875000000005
103.6,0.0084374999999994
103.7,0.0034375000000004
103.8,0.0021874999999997
103.9,0.0034375000000004
104.0,0.0146875000000009
104.1,0.0134375000000002
104.2,-0.0090625000000006
104.3,-0.0103124999999995
104.4,0.0384375000000006
104.5,0.0621875000000003
104.6,0.0284375000000008
104.7,0.0034375000000004
104.8,0.0021874999999997
104.9,0.0046874999999992
105.0,-0.0340624999999992
105.1,-0.0378124999999994
105.2,-0.0128125000000008
105.3,0.0059374999999999
105.4,-0.0003124999999997
105.5,0.0046874999999992
105.6,0.0034375000000004
105.7,-0.0040624999999998
105.8,-0.0103124999999995
105.9,-0.0140624999999996
106.0,-0.0053125000000005
106.1,0.0009374999999991
106.2,-0.0090625000000006
106.3,0.0734375000000007
106.4,-0.0840624999999999
106.5,0.0146875000000009
106.6,-0.0228125000000006
106.7,0.0046874999999992
106.8,-0.0028124999999992
106.9,-0.0053125000000005
107.0,0.0009374999999991
107.1,-0.0090625000000006
107.2,-0.0115625000000001
107.3,-0.0215624999999999
107.4,-0.0228125000000006
107.5,-0.0240624999999994
107.6,-0.0203124999999993
107.7,-0.0178124999999998
107.8,-0.0190625000000004
107.9,-0.0203124999999993
108.0,-0.0178124999999998
108.1,-0.0128125000000008
108.2,-0.0203124999999993
108.3,-0.0215624999999999
108.4,-0.0253125000000001
108.5,-0.0165624999999991
108.6,-0.0178124999999998
108.7,-0.0190625000000004
108.8,-0.0203124999999993
108.9,-0.0178124999999998
109.0,-0.0140624999999996
109.1,-0.0115625000000001
109.2,-0.0078125
109.3,0.0321874999999991
109.4,0.0409375000000001
109.5,-0.0953125000000004
109.6,-0.169062500000001
109.7,-0.0465625000000003
109.8,0.0184374999999992
109.9,-0.0303125000000009
110.0,-0.0165624999999991
110.1,0.0634374999999991
110.2,0.0909375000000008
110.3,0.0009374999999991
110.4,-0.0540625000000006
110.5,-0.0290625000000002
110.6,-0.0553124999999994
110.7,-0.0590624999999996
110.8,-0.0315624999999997
110.9,-0.0165624999999991
111.0,-0.0065624999999993
111.1,-0.0003124999999997
111.2,-0.0053125000000005
111.3,-0.0215624999999999
111.4,-0.0153125000000003
111.5,-0.0065624999999993
111.6,-0.0178124999999998
111.7,-0.0328125000000004
111.8,-0.0203124999999993
111.9,-0.0203124999999993
112.0,-0.0390625
112.1,-0.0328125000000004
112.2,-0.0215624999999999
112.3,-0.0278124999999996
112.4,-0.0453124999999996
112.5,-0.0128125000000008
112.6,0.0409375000000001
112.7,0.0259374999999995
112.8,-0.0203124999999993
112.9,-0.0253125000000001
113.0,-0.0040624999999998
113.1,-0.0278124999999996
113.2,-0.0503125000000004
113.3,-0.0340624999999992
113.4,-0.0053125000000005
113.5,0.0034375000000004
113.6,0.0046874999999992
113.7,0.0046874999999992
113.8,0.0084374999999994
113.9,0.0059374999999999
114.0,-0.0028124999999992
114.1,-0.0003124999999997
114.2,0.0059374999999999
114.3,0.0109375000000007
114.4,0.0159374999999997
114.5,0.0084374999999994
114.6,-0.0015625000000003
114.7,-0.0028124999999992
114.8,0.0059374999999999
114.9,0.0034375000000004
115.0,0.0134375000000002
115.1,0.0171875000000004
115.2,0.0134375000000002
115.3,0.0146875000000009
115.4,0.0146875000000009
115.5,0.0109375000000007
115.6,0.0109375000000007
115.7,0.0234375
115.8,0.0221874999999994
115.9,0.0096875
116.0,0.0134375000000002
116.1,0.0259374999999995
116.2,0.0334374999999998
116.3,0.0371874999999999
116.4,0.0596875000000008
116.5,0.0871875000000006
116.6,0.0734375000000007
116.7,0.0084374999999994
116.8,-0.0165624999999991
116.9,-0.0078125
117.0,-0.0153125000000003
117.1,-0.0165624999999991
117.2,0.0071875000000005
117.3,0.0471874999999997
117.4,0.0559375000000006
117.5,0.0521875000000005
117.6,0.0396874999999994
117.7,0.0296874999999996
117.8,0.0259374999999995
117.9,0.0221874999999994
118.0,0.0184374999999992
118.1,0.0171875000000004
118.2,0.0184374999999992
118.3,0.0184374999999992
118.4,0.0246875000000006
118.5,0.0221874999999994
118.6,0.0246875000000006
118.7,0.0171875000000004
118.8,0.0159374999999997
118.9,0.0096875
119.0,0.0134375000000002
119.1,0.0021874999999997
119.2,-0.0090625000000006
119.3,-0.0028124999999992
119.4,-0.0028124999999992
119.5,-0.0065624999999993
119.6,-0.0090625000000006
119.7,-0.0165624999999991
119.8,-0.0178124999999998
119.9,-0.0103124999999995
120.0,-0.0128125000000008
120.1,-0.0153125000000003
120.2,-0.0190625000000004
120.3,-0.0140624999999996
120.4,-0.0165624999999991
120.5,-0.0328125000000004
120.6,-0.0465625000000003
120.7,-0.0028124999999992
120.8,0.0221874999999994
120.9,-0.0065624999999993
121.0,-0.0365625000000005
121.1,-0.0353124999999999
121.2,-0.0390625
121.3,-0.0590624999999996
121.4,-0.0590624999999996
121.5,-0.0303125000000009
121.6,-0.0103124999999995
121.7,-0.0165624999999991
121.8,-0.0128125000000008
121.9,-0.0165624999999991
122.0,-0.0228125000000006
122.1,-0.0328125000000004
122.2,-0.0328125000000004
122.3,-0.0353124999999999
122.4,-0.0390625
122.5,-0.0228125000000006
122.6,-0.0315624999999997
122.7,-0.0315624999999997
122.8,-0.0390625
122.9,-0.0240624999999994
123.0,-0.0128125000000008
123.1,-0.0053125000000005
123.2,-0.0065624999999993
123.3,-0.0028124999999992
123.4,-0.0078125
123.5,-0.0103124999999995
123.6,-0.0215624999999999
123.7,-0.0215624999999999
123.8,-0.0165624999999991
123.9,-0.0178124999999998
124.0,-0.0428125000000001
124.1,-0.0715625000000006
124.2,-0.0040624999999998
124.3,0.122187500000001
124.4,0.0946874999999991
124.5,-0.0103124999999995
124.6,-0.0103124999999995
124.7,0.0134375000000002
124.8,-0.0390625
124.9,-0.1040625
125.0,-0.0665624999999999
125.1,0.0109375000000007
125.2,0.0196874999999999
125.3,0.0159374999999997
125.4,0.0334374999999998
125.5,0.0146875000000009
125.6,0.0009374999999991
125.7,-0.0090625000000006
125.8,-0.0203124999999993
125.9,-0.0153125000000003
126.0,0.0021874999999997
126.1,0.0109375000000007
126.2,0.0021874999999997
126.3,-0.0065624999999993
126.4,0.0046874999999992
126.5,0.0071875000000005
126.6,0.0009374999999991
126.7,-0.0003124999999997
126.8,0.0134375000000002
126.9,0.0059374999999999
127.0,0.0084374999999994
127.1,0.0109375000000007
127.2,0.0034375000000004
127.3,0.0021874999999997
127.4,-0.0028124999999992
127.5,0.0071875000000005
127.6,0.0059374999999999
127.7,0.0146875000000009
127.8,0.0109375000000007
127.9,0.0146875000000009
128.0,0.0184374999999992
128.1,0.0109375000000007
128.2,-0.0065624999999993
128.3,0.0221874999999994
128.4,0.0134375000000002
128.5,0.0046874999999992
128.6,-0.0128125000000008
128.7,-0.0190625000000004
128.8,0.0159374999999997
128.9,0.0509374999999999
129.0,0.0496874999999992
129.1,0.0034375000000004
129.2,-0.0028124999999992
129.3,0.0146875000000009
129.4,-0.0165624999999991
129.5,-0.0303125000000009
129.6,-0.0128125000000008
129.7,0.0246875000000006
129.8,0.0221874999999994
129.9,0.0059374999999999
130.0,0.0096875
130.1,0.0109375000000007
130.2,-0.0003124999999997
130.3,-0.0040624999999998
130.4,0.0034375000000004
130.5,0.0146875000000009
130.6,0.0284375000000008
130.7,0.0259374999999995
130.8,0.0046874999999992
130.9,-0.0190625000000004
131.0,-0.0315624999999997
131.1,-0.0653124999999992
131.2,-0.0628124999999997
131.3,0.0046874999999992
131.4,0.0396874999999994
131.5,0.0384375000000006
131.6,0.0371874999999999
131.7,0.0384375000000006
131.8,0.0071875000000005
131.9,-0.0390625
132.0,-0.0490624999999998
132.1,-0.0440625000000008
132.2,-0.0465625000000003
132.3,-0.0378124999999994
132.4,-0.0253125000000001
132.5,-0.0128125000000008
132.6,-0.0153125000000003
132.7,-0.0190625000000004
132.8,-0.0190625000000004
132.9,-0.0215624999999999
133.0,-0.0240624999999994
133.1,-0.0303125000000009
133.2,-0.0215624999999999
133.3,-0.0253125000000001
133.4,-0.0203124999999993
133.5,-0.0265625000000007
133.6,-0.0228125000000006
133.7,-0.0253125000000001
133.8,-0.0190625000000004
133.9,-0.0203124999999993
134.0,-0.0253125000000001
134.1,-0.0215624999999999
134.2,-0.0153125000000003
134.3,-0.0153125000000003
134.4,-0.0153125000000003
134.5,-0.0228125000000006
134.6,-0.0228125000000006
134.7,-0.0153125000000003
134.8,-0.0140624999999996
134.9,-0.0178124999999998
135.0,-0.0153125000000003
135.1,-0.0065624999999993
135.2,0.0109375000000007
135.3,0.0021874999999997
135.4,0.0071875000000005
135.5,0.0046874999999992
135.6,0.0109375000000007
135.7,0.0046874999999992
135.8,0.0109375000000007
135.9,0.0084374999999994
136.0,0.0046874999999992
136.1,0.0096875
136.2,0.0096875
136.3,0.0046874999999992
136.4,-0.0003124999999997
136.5,0.0021874999999997
136.6,0.0034375000000004
136.7,-0.0040624999999998
136.8,-0.0278124999999996
136.9,-0.0140624999999996
137.0,0.0359374999999993
137.1,0.0521875000000005
137.2,0.0084374999999994
137.3,-0.0065624999999993
137.4,0.0034375000000004
137.5,-0.0040624999999998
137.6,-0.0290625000000002
137.7,-0.0278124999999996
137.8,-0.0028124999999992
137.9,0.0146875000000009
138.0,0.0071875000000005
138.1,0.0084374999999994
138.2,0.0084374999999994
138.3,0.0121874999999996
138.4,-0.0003124999999997
138.5,-0.0065624999999993
138.6,-0.0053125000000005
138.7,0.0121874999999996
138.8,0.0684374999999999
138.9,0.0709374999999994
139.0,-0.0703125
139.1,-0.1528125
139.2,-0.0128125000000008
139.3,0.0434374999999996
139.4,0.0034375000000004
139.5,0.0184374999999992
139.6,0.1059375
139.7,0.1284375
139.8,0.0384375000000006
139.9,-0.0190625000000004
140.0,-0.0165624999999991
140.1,-0.0178124999999998
140.2,-0.0178124999999998
140.3,-0.0003124999999997
140.4,0.0159374999999997
140.5,0.0259374999999995
140.6,0.0384375000000006
140.7,0.0296874999999996
140.8,0.0121874999999996
140.9,0.0121874999999996
141.0,0.0296874999999996
141.1,0.0184374999999992
141.2,0.0096875
141.3,0.0159374999999997
141.4,0.0221874999999994
141.5,0.0121874999999996
141.6,0.0134375000000002
141.7,0.0184374999999992
141.8,0.0109375000000007
141.9,0.0034375000000004
142.0,0.0096875
142.1,0.0121874999999996
142.2,0.0121874999999996
142.3,0.0109375000000007
142.4,0.0059374999999999
142.5,0.0146875000000009
142.6,0.0059374999999999
142.7,0.0034375000000004
142.8,0.0059374999999999
142.9,0.0109375000000007
143.0,0.0159374999999997
143.1,0.0084374999999994
143.2,0.0134375000000002
143.3,0.0234375
143.4,0.0271875000000001
143.5,0.0234375
143.6,0.0184374999999992
143.7,0.0184374999999992
143.8,0.0221874999999994
143.9,0.0184374999999992
144.0,0.0284375000000008
144.1,0.0234375
144.2,0.0234375
144.3,0.0234375
144.4,0.0221874999999994
144.5,0.0134375000000002
144.6,0.0059374999999999
144.7,0.0109375000000007
144.8,0.0059374999999999
144.9,-0.0015625000000003
145.0,-0.0115625000000001
145.1,0.0259374999999995
145.2,0.0621875000000003
145.3,0.0296874999999996
145.4,-0.0215624999999999
145.5,-0.0128125000000008
145.6,-0.0003124999999997
145.7,-0.0190625000000004
145.8,-0.0290625000000002
145.9,0.0109375000000007
146.0,0.0621875000000003
146.1,0.0334374999999998
146.2,-0.0190625000000004
146.3,-0.0340624999999992
146.4,-0.0315624999999997
146.5,-0.0415624999999995
146.6,-0.0490624999999998
146.7,-0.0190625000000004
146.8,0.0209375000000005
146.9,0.0321874999999991
147.0,0.0221874999999994
147.1,0.0121874999999996
147.2,-0.0015625000000003
147.3,-0.0065624999999993
147.4,0.0021874999999997
147.5,0.0084374999999994
147.6,0.0159374999999997
147.7,0.0196874999999999
147.8,0.0246875000000006
147.9,0.0234375
148.0,0.0121874999999996
148.1,0.0046874999999992
148.2,0.0121874999999996
148.3,0.0184374999999992
148.4,0.0184374999999992
148.5,0.0209375000000005
148.6,0.0159374999999997
148.7,0.0159374999999997
148.8,0.0196874999999999
148.9,0.0209375000000005
149.0,0.0221874999999994
149.1,0.0321874999999991
149.2,0.0434374999999996
149.3,0.0284375000000008
149.4,0.0271875000000001
149.5,0.0271875000000001
149.6,0.0296874999999996
149.7,0.0359374999999993
149.8,0.0321874999999991
149.9,0.0284375000000008
150.0,0.0234375
150.1,0.0321874999999991
150.2,0.0284375000000008
150.3,0.0246875000000006
150.4,0.0184374999999992
150.5,0.0184374999999992
150.6,0.0246875000000006
150.7,0.0234375
150.8,0.0234375
150.9,0.0221874999999994
151.0,0.0346875000000004
151.1,0.0359374999999993
151.2,0.0371874999999999
151.3,0.0384375000000006
151.4,0.0359374999999993
151.5,0.0334374999999998
151.6,0.0259374999999995
151.7,0.0346875000000004
151.8,0.0346875000000004
151.9,0.0371874999999999
152.0,0.0309375000000003
152.1,0.0309375000000003
152.2,0.0284375000000008
152.3,0.0309375000000003
152.4,0.0246875000000006
152.5,0.0196874999999999
152.6,0.0096875
152.7,0.0159374999999997
152.8,0.0196874999999999
152.9,0.0184374999999992
153.0,0.0071875000000005
153.1,-0.0090625000000006
153.2,0.0046874999999992
153.3,0.0559375000000006
153.4,0.0584375000000001
153.5,-0.0078125
153.6,-0.0615625000000009
153.7,0.0234375
153.8,0.1384375
153.9,0.0684374999999999
154.0,-0.0328125000000004
154.1,0.0034375000000004
154.2,0.0371874999999999
154.3,-0.0165624999999991
154.4,-0.0765624999999996
154.5,-0.0415624999999995
154.6,0.0284375000000008
154.7,0.0396874999999994
154.8,0.0384375000000006
154.9,0.0571874999999995
155.0,0.0434374999999996
155.1,0.0321874999999991
155.2,0.0184374999999992
155.3,0.0009374999999991
155.4,-0.0015625000000003
155.5,0.0284375000000008
155.6,0.0334374999999998
155.7,0.0271875000000001
155.8,0.0259374999999995
155.9,0.0371874999999999
156.0,0.0321874999999991
156.1,0.0146875000000009
156.2,0.0121874999999996
156.3,0.0171875000000004
156.4,0.0221874999999994
156.5,0.0096875
156.6,0.0209375000000005
156.7,0.0259374999999995
156.8,0.0171875000000004
156.9,0.0196874999999999
157.0,0.0246875000000006
157.1,0.0296874999999996
157.2,0.0284375000000008
157.3,0.0259374999999995
157.4,0.0309375000000003
157.5,0.0309375000000003
157.6,0.0284375000000008
157.7,0.0309375000000003
157.8,0.0296874999999996
157.9,0.0384375000000006
158.0,0.0359374999999993
158.1,0.0396874999999994
158.2,0.0359374999999993
158.3,0.0259374999999995
158.4,0.0396874999999994
158.5,0.0384375000000006
158.6,0.0396874999999994
158.7,0.0434374999999996
158.8,0.0371874999999999
158.9,0.0384375000000006
159.0,0.0309375000000003
159.1,0.0384375000000006
159.2,0.0434374999999996
159.3,0.0459375000000009
159.4,0.0446875000000002
159.5,0.0409375000000001
159.6,0.0534374999999994
159.7,0.0346875000000004
159.8,0.0309375000000003
159.9,0.0321874999999991
160.0,0.0446875000000002
160.1,0.0496874999999992
160.2,0.0284375000000008
160.3,0.0246875000000006
160.4,0.0071875000000005
160.5,-0.0240624999999994
160.6,-0.0590624999999996
160.7,-0.0503125000000004
160.8,0.0096875
160.9,0.0409375000000001
161.0,0.0421875000000007
161.1,0.0434374999999996
161.2,0.0396874999999994
161.3,0.0146875000000009
161.4,0.0171875000000004
161.5,0.0259374999999995
161.6,-0.0103124999999995
161.7,-0.0353124999999999
161.8,-0.0128125000000008
161.9,0.0009374999999991
162.0,-0.0253125000000001
162.1,-0.0315624999999997
162.2,-0.0053125000000005
162.3,0.0071875000000005
162.4,-0.0028124999999992
162.5,0.0009374999999991
162.6,0.0009374999999991
162.7,-0.0065624999999993
162.8,-0.0190625000000004
162.9,-0.0240624999999994
163.0,-0.0228125000000006
163.1,-0.0140624999999996
163.2,-0.0078125
163.3,-0.0040624999999998
163.4,-0.0090625000000006
163.5,-0.0153125000000003
163.6,-0.0165624999999991
163.7,-0.0053125000000005
163.8,-0.0040624999999998
163.9,-0.0003124999999997
164.0,-0.0053125000000005
164.1,0.0009374999999991
164.2,-0.0128125000000008
164.3,-0.0078125
164.4,-0.0228125000000006
164.5,-0.0115625000000001
164.6,-0.0015625000000003
164.7,0.0009374999999991
164.8,0.0071875000000005
164.9,-0.0003124999999997
165.0,0.0121874999999996
165.1,0.0046874999999992
165.2,0.0059374999999999
165.3,0.0109375000000007
165.4,0.0134375000000002
165.5,0.0134375000000002
165.6,0.0171875000000004
165.7,0.0184374999999992
165.8,0.0009374999999991
165.9,0.0084374999999994
166.0,0.0071875000000005
166.1,0.0134375000000002
166.2,0.0121874999999996
166.3,0.0209375000000005
166.4,0.0259374999999995
166.5,0.0234375
166.6,0.0259374999999995
166.7,0.0296874999999996
166.8,0.0321874999999991
166.9,0.0309375000000003
167.0,0.0184374999999992
167.1,0.0159374999999997
167.2,0.0221874999999994
167.3,0.0359374999999993
167.4,0.0234375
167.5,0.0284375000000008
167.6,0.0321874999999991
167.7,0.0396874999999994
167.8,0.0271875000000001
167.9,0.0246875000000006
168.0,0.0296874999999996
168.1,0.0321874999999991
168.2,0.0571874999999995
168.3,0.0934375000000003
168.4,0.0409375000000001
168.5,-0.1115625
168.6,-0.0815625000000004
168.7,0.0384375000000006
168.8,0.0409375000000001
168.9,-0.0053125000000005
169.0,0.0534374999999994
169.1,0.1346875
169.2,0.0859375
169.3,-0.0090625000000006
169.4,-0.0365625000000005
169.5,-0.0065624999999993
169.6,0.0171875000000004
169.7,0.0234375
169.8,0.0059374999999999
169.9,0.0071875000000005
170.0,0.0296874999999996
170.1,0.0084374999999994
170.2,-0.0240624999999994
170.3,-0.0265625000000007
170.4,0.0146875000000009
170.5,0.0259374999999995
170.6,0.0146875000000009
170.7,0.0209375000000005
170.8,0.0284375000000008
170.9,0.0209375000000005
171.0,0.0059374999999999
171.1,0.0034375000000004
171.2,0.0171875000000004
171.3,0.0309375000000003
171.4,0.0346875000000004
171.5,0.0321874999999991
171.6,0.0234375
171.7,0.0184374999999992
171.8,0.0284375000000008
171.9,0.0309375000000003
172.0,0.0296874999999996
172.1,0.0259374999999995
172.2,0.0284375000000008
172.3,0.0234375
172.4,0.0134375000000002
172.5,0.0084374999999994
172.6,-0.0003124999999997
172.7,0.0234375
172.8,0.0171875000000004
172.9,0.0159374999999997
173.0,0.0109375000000007
173.1,0.0171875000000004
173.2,0.0146875000000009
173.3,0.0134375000000002
173.4,0.0109375000000007
173.5,0.0159374999999997
173.6,0.0171875000000004
173.7,0.0171875000000004
173.8,0.0134375000000002
173.9,0.0071875000000005
174.0,0.0034375000000004
174.1,0.0059374999999999
174.2,-0.0003124999999997
174.3,0.0021874999999997
174.4,0.0034375000000004
174.5,0.0046874999999992
174.6,0.0021874999999997
174.7,-0.0003124999999997
174.8,-0.0053125000000005
174.9,-0.0178124999999998
175.0,-0.0078125
175.1,0.0034375000000004
175.2,0.0096875
175.3,0.0109375000000007
175.4,0.0359374999999993
175.5,0.0509374999999999
175.6,0.0171875000000004
175.7,-0.0315624999999997
175.8,-0.0353124999999999
175.9,-0.0415624999999995
176.0,-0.0465625000000003
176.1,-0.0440625000000008
176.2,-0.0178124999999998
176.3,0.0171875000000004
176.4,0.0246875000000006
176.5,0.0159374999999997
176.6,0.0059374999999999
176.7,0.0021874999999997
176.8,-0.0128125000000008
176.9,-0.0190625000000004
177.0,-0.0153125000000003
177.1,-0.0103124999999995
177.2,0.0034375000000004
177.3,0.0021874999999997
177.4,-0.0140624999999996
177.5,-0.0315624999999997
177.6,-0.0340624999999992
177.7,0.0009374999999991
177.8,0.0309375000000003
177.9,0.0021874999999997
178.0,-0.0278124999999996
178.1,-0.0140624999999996
178.2,-0.0090625000000006
178.3,-0.0353124999999999
178.4,-0.0528124999999999
178.5,-0.0215624999999999
178.6,0.0034375000000004
178.7,-0.0015625000000003
178.8,0.0009374999999991
178.9,0.0021874999999997
179.0,-0.0003124999999997
179.1,-0.0078125
179.2,-0.0028124999999992
179.3,-0.0003124999999997
179.4,0.0059374999999999
179.5,0.0021874999999997
179.6,-0.0003124999999997
179.7,-0.0065624999999993
179.8,-0.0140624999999996
179.9,-0.0090625000000006
180.0,0.0096875
180.1,-0.0003124999999997
180.2,0.0071875000000005
180.3,0.0096875
180.4,0.0096875
180.5,0.0096875
180.6,0.0009374999999991
180.7,-0.0078125
180.8,0.0034375000000004
180.9,0.0121874999999996
181.0,0.0159374999999997
181.1,0.0084374999999994
181.2,0.0071875000000005
181.3,0.0096875
181.4,0.0096875
181.5,0.0034375000000004
181.6,0.0071875000000005
181.7,0.0184374999999992
181.8,0.0171875000000004
181.9,0.0109375000000007
182.0,0.0184374999999992
182.1,0.0196874999999999
182.2,0.0221874999999994
182.3,0.0271875000000001
182.4,0.0196874999999999
182.5,0.0146875000000009
182.6,0.0209375000000005
182.7,0.0234375
182.8,0.0171875000000004
182.9,0.0059374999999999
183.0,-0.0353124999999999
183.1,-0.0278124999999996
183.2,0.0871875000000006
183.3,0.1521875
183.4,0.0446875000000002
183.5,-0.0090625000000006
183.6,0.0221874999999994
183.7,0.0096875
183.8,-0.0628124999999997
183.9,-0.0840624999999999
184.0,-0.0078125
184.1,0.0409375000000001
184.2,0.0334374999999998
184.3,0.0359374999999993
184.4,0.0409375000000001
184.5,0.0296874999999996
184.6,0.0084374999999994
184.7,0.0021874999999997
184.8,-0.0078125
184.9,0.0021874999999997
185.0,0.0134375000000002
185.1,0.0171875000000004
185.2,-0.0028124999999992
185.3,0.0071875000000005
185.4,0.0096875
185.5,0.0021874999999997
185.6,-0.0203124999999993
185.7,-0.0203124999999993
185.8,0.0109375000000007
185.9,0.0421875000000007
186.0,0.0259374999999995
186.1,-0.0028124999999992
186.2,-0.0103124999999995
186.3,-0.0140624999999996
186.4,-0.0353124999999999
186.5,-0.0465625000000003
186.6,-0.0265625000000007
186.7,0.0009374999999991
186.8,0.0084374999999994
186.9,0.0021874999999997
187.0,0.0021874999999997
187.1,0.0171875000000004
187.2,0.0009374999999991
187.3,-0.0040624999999998
187.4,-0.0128125000000008
187.5,-0.0303125000000009
187.6,-0.0278124999999996
187.7,-0.0203124999999993
187.8,-0.0265625000000007
187.9,-0.0315624999999997
188.0,-0.0340624999999992
188.1,-0.0265625000000007
188.2,-0.0303125000000009
188.3,-0.0290625000000002
188.4,-0.0228125000000006
188.5,-0.0203124999999993
188.6,-0.0153125000000003
188.7,-0.0315624999999997
188.8,-0.0453124999999996
188.9,-0.0428125000000001
189.0,-0.0278124999999996
189.1,-0.0253125000000001
189.2,-0.0303125000000009
189.3,-0.0415624999999995
189.4,-0.0315624999999997
189.5,-0.0178124999999998
189.6,-0.0140624999999996
189.7,-0.0278124999999996
189.8,-0.0353124999999999
189.9,-0.0415624999999995
190.0,-0.0728124999999995
190.1,-0.100312499999999
190.2,-0.0690624999999994
190.3,-0.0115625000000001
190.4,0.0046874999999992
190.5,-0.0015625000000003
190.6,0.0146875000000009
190.7,0.0084374999999994
190.8,0.0059374999999999
190.9,-0.0578125000000007
191.0,-0.0453124999999996
191.1,-0.0428125000000001
191.2,-0.0415624999999995
191.3,-0.0303125000000009
191.4,-0.0053125000000005
191.5,-0.0090625000000006
191.6,-0.0115625000000001
191.7,-0.0065624999999993
191.8,-0.0040624999999998
191.9,-0.0090625000000006
192.0,-0.0065624999999993
192.1,-0.0040624999999998
192.2,-0.0015625000000003
192.3,-0.0040624999999998
192.4,-0.0003124999999997
192.5,0.0059374999999999
192.6,0.0034375000000004
192.7,-0.0028124999999992
192.8,0.0071875000000005
192.9,0.0046874999999992
193.0,0.0096875
193.1,0.0184374999999992
193.2,0.0109375000000007
193.3,0.0059374999999999
193.4,0.0096875
193.5,0.0184374999999992
193.6,0.0134375000000002
193.7,0.0109375000000007
193.8,-0.0053125000000005
193.9,0.0009374999999991
194.0,0.0559375000000006
194.1,0.0746874999999996
194.2,0.0409375000000001
194.3,0.0234375
194.4,0.0409375000000001
194.5,0.0384375000000006
194.6,0.0034375000000004
194.7,-0.0115625000000001
194.8,0.0221874999999994
194.9,0.0521875000000005
195.0,0.0434374999999996
195.1,0.0271875000000001
195.2,0.0459375000000009
195.3,0.0334374999999998
195.4,0.0309375000000003
195.5,0.0121874999999996
195.6,0.0146875000000009
195.7,0.0296874999999996
195.8,0.0259374999999995
195.9,0.0309375000000003
196.0,0.0284375000000008
196.1,0.0146875000000009
196.2,0.0196874999999999
196.3,0.0221874999999994
196.4,0.0296874999999996
196.5,0.0284375000000008
196.6,0.0321874999999991
196.7,0.0321874999999991
196.8,0.0259374999999995
196.9,0.0121874999999996
197.0,0.0134375000000002
197.1,0.0259374999999995
197.2,0.0271875000000001
197.3,0.0234375
197.4,0.0146875000000009
197.5,0.0259374999999995
197.6,0.0284375000000008
197.7,0.0571874999999995
197.8,0.0859375
197.9,0.0034375000000004
198.0,-0.1215625
198.1,-0.0503125000000004
198.2,0.0509374999999999
198.3,0.0271875000000001
198.4,0.0009374999999991
198.5,0.0771875000000009
198.6,0.135937500000001
198.7,0.0746874999999996
198.8,-0.0040624999999998
198.9,0.0084374999999994
199.0,0.0046874999999992
199.1,-0.0178124999999998
199.2,0.0009374999999991
199.3,0.0059374999999999
199.4,0.0346875000000004
199.5,0.0459375000000009
199.6,0.0271875000000001
199.7,0.0096875
199.8,0.0159374999999997
199.9,0.0196874999999999
